{"cameraMode":{"drawMode":0,"name":"Shaded","section":"Shading Mode"},"sceneLighting":true,"audioPlay":false,"sceneViewState":{"showFog":true,"showMaterialUpdate":false,"showSkybox":true,"showFlares":true,"showImageEffects":true,"showParticleSystems":true},"in2DMode":false,"pivot":{"x":2.4775867462158205,"y":0.04933355003595352,"z":96.28976440429688},"rotation":{"x":0.0014821236254647375,"y":0.15269765257835389,"z":-0.0002305821399204433,"w":0.9882791638374329},"size":4.585756778717041,"orthographic":false}